repo,fix,bic,link
mozilla-unified,1773675,1762658,https://github.com/mozilla-unified/commit/1773675
mozilla-unified,1782339,1659124,https://github.com/mozilla-unified/commit/1782339
mozilla-unified,1594949,1484780,https://github.com/mozilla-unified/commit/1594949
mozilla-unified,1714421,1670778,https://github.com/mozilla-unified/commit/1714421
mozilla-unified,1706213,1705622,https://github.com/mozilla-unified/commit/1706213
mozilla-unified,1624988,1599965,https://github.com/mozilla-unified/commit/1624988
mozilla-unified,1688414,1684859,https://github.com/mozilla-unified/commit/1688414
mozilla-unified,1656335,1645310,https://github.com/mozilla-unified/commit/1656335
mozilla-unified,1733957,1731132,https://github.com/mozilla-unified/commit/1733957
mozilla-unified,1651858,1650429,https://github.com/mozilla-unified/commit/1651858
mozilla-unified,1585672,1580280,https://github.com/mozilla-unified/commit/1585672
mozilla-unified,1601150,1597989,https://github.com/mozilla-unified/commit/1601150
mozilla-unified,1699343,1658220,https://github.com/mozilla-unified/commit/1699343
mozilla-unified,1569027,1551598,https://github.com/mozilla-unified/commit/1569027
mozilla-unified,1757618,1754006,https://github.com/mozilla-unified/commit/1757618
mozilla-unified,1804606,1803435,https://github.com/mozilla-unified/commit/1804606
mozilla-unified,1630176,1637632,https://github.com/mozilla-unified/commit/1630176
mozilla-unified,1703545,1631451,https://github.com/mozilla-unified/commit/1703545
mozilla-unified,1700602,1690965,https://github.com/mozilla-unified/commit/1700602
mozilla-unified,1601252,1600211,https://github.com/mozilla-unified/commit/1601252
mozilla-unified,1747371,1745238,https://github.com/mozilla-unified/commit/1747371
mozilla-unified,1603512,1585482,https://github.com/mozilla-unified/commit/1603512
mozilla-unified,1736999,1734638,https://github.com/mozilla-unified/commit/1736999
mozilla-unified,1745153,1724480,https://github.com/mozilla-unified/commit/1745153
mozilla-unified,1608347,1567175,https://github.com/mozilla-unified/commit/1608347
mozilla-unified,1726186,1459526,https://github.com/mozilla-unified/commit/1726186
mozilla-unified,1578073,1450762,https://github.com/mozilla-unified/commit/1578073
mozilla-unified,1715155,1713787,https://github.com/mozilla-unified/commit/1715155
mozilla-unified,1767200,1755570,https://github.com/mozilla-unified/commit/1767200
mozilla-unified,1672238,1637745,https://github.com/mozilla-unified/commit/1672238
mozilla-unified,1711381,1702495,https://github.com/mozilla-unified/commit/1711381
mozilla-unified,1613368,1599080,https://github.com/mozilla-unified/commit/1613368
mozilla-unified,1667649,1658308,https://github.com/mozilla-unified/commit/1667649
mozilla-unified,1757273,1755053,https://github.com/mozilla-unified/commit/1757273
mozilla-unified,1578715,1551598,https://github.com/mozilla-unified/commit/1578715
mozilla-unified,1636541,1574852,https://github.com/mozilla-unified/commit/1636541
mozilla-unified,1798780,1732358,https://github.com/mozilla-unified/commit/1798780
mozilla-unified,1546491,1520948,https://github.com/mozilla-unified/commit/1546491
mozilla-unified,1655983,1652618,https://github.com/mozilla-unified/commit/1655983
mozilla-unified,1571479,1472212,https://github.com/mozilla-unified/commit/1571479
mozilla-unified,1601252,1598516,https://github.com/mozilla-unified/commit/1601252
mozilla-unified,1662925,1626362,https://github.com/mozilla-unified/commit/1662925
mozilla-unified,1603930,1600330,https://github.com/mozilla-unified/commit/1603930
mozilla-unified,1542581,791775,https://github.com/mozilla-unified/commit/1542581
mozilla-unified,1671125,1670251,https://github.com/mozilla-unified/commit/1671125
mozilla-unified,1627138,1619720,https://github.com/mozilla-unified/commit/1627138
mozilla-unified,1721454,1720534,https://github.com/mozilla-unified/commit/1721454
mozilla-unified,1661173,1659753,https://github.com/mozilla-unified/commit/1661173
mozilla-unified,1631213,1614750,https://github.com/mozilla-unified/commit/1631213
mozilla-unified,1619481,1477977,https://github.com/mozilla-unified/commit/1619481
mozilla-unified,1596494,1586144,https://github.com/mozilla-unified/commit/1596494
mozilla-unified,1693029,1692252,https://github.com/mozilla-unified/commit/1693029
mozilla-unified,1759107,1643586,https://github.com/mozilla-unified/commit/1759107
mozilla-unified,1773156,1731821,https://github.com/mozilla-unified/commit/1773156
mozilla-unified,1721306,1689601,https://github.com/mozilla-unified/commit/1721306
mozilla-unified,1706594,1681529,https://github.com/mozilla-unified/commit/1706594
mozilla-unified,1761483,1752206,https://github.com/mozilla-unified/commit/1761483
mozilla-unified,1769371,1745459,https://github.com/mozilla-unified/commit/1769371
mozilla-unified,1650261,1645047,https://github.com/mozilla-unified/commit/1650261
mozilla-unified,1778881,1776642,https://github.com/mozilla-unified/commit/1778881
mozilla-unified,1692592,1702332,https://github.com/mozilla-unified/commit/1692592
mozilla-unified,1774462,1741665,https://github.com/mozilla-unified/commit/1774462
mozilla-unified,1749328,1747906,https://github.com/mozilla-unified/commit/1749328
mozilla-unified,1592465,1586393,https://github.com/mozilla-unified/commit/1592465
mozilla-unified,1792159,1756347,https://github.com/mozilla-unified/commit/1792159
mozilla-unified,1747228,1747160,https://github.com/mozilla-unified/commit/1747228
mozilla-unified,1580323,1588637,https://github.com/mozilla-unified/commit/1580323
mozilla-unified,1679451,1678657,https://github.com/mozilla-unified/commit/1679451
mozilla-unified,1683907,1667629,https://github.com/mozilla-unified/commit/1683907
mozilla-unified,1698697,1626570,https://github.com/mozilla-unified/commit/1698697
mozilla-unified,1595923,1558420,https://github.com/mozilla-unified/commit/1595923
mozilla-unified,1646887,1645817,https://github.com/mozilla-unified/commit/1646887
mozilla-unified,1746737,1699215,https://github.com/mozilla-unified/commit/1746737
mozilla-unified,1591051,1330776,https://github.com/mozilla-unified/commit/1591051
mozilla-unified,1547463,1538983,https://github.com/mozilla-unified/commit/1547463
mozilla-unified,1796057,1696693,https://github.com/mozilla-unified/commit/1796057
mozilla-unified,1733274,1602363,https://github.com/mozilla-unified/commit/1733274
mozilla-unified,1561650,1523957,https://github.com/mozilla-unified/commit/1561650
mozilla-unified,1603015,1592509,https://github.com/mozilla-unified/commit/1603015
mozilla-unified,1587205,1585971,https://github.com/mozilla-unified/commit/1587205
mozilla-unified,1740702,1733978,https://github.com/mozilla-unified/commit/1740702
mozilla-unified,1563241,1561747,https://github.com/mozilla-unified/commit/1563241
mozilla-unified,1717894,1709938,https://github.com/mozilla-unified/commit/1717894
mozilla-unified,1763654,1624989,https://github.com/mozilla-unified/commit/1763654
mozilla-unified,1577740,1561894,https://github.com/mozilla-unified/commit/1577740
mozilla-unified,1600773,1514926,https://github.com/mozilla-unified/commit/1600773
mozilla-unified,1693037,1691589,https://github.com/mozilla-unified/commit/1693037
mozilla-unified,1641769,1541426,https://github.com/mozilla-unified/commit/1641769
mozilla-unified,1798692,1791851,https://github.com/mozilla-unified/commit/1798692
mozilla-unified,1768451,1707279,https://github.com/mozilla-unified/commit/1768451
mozilla-unified,1705289,1704278,https://github.com/mozilla-unified/commit/1705289
mozilla-unified,1639569,1633016,https://github.com/mozilla-unified/commit/1639569
mozilla-unified,1804409,1551302,https://github.com/mozilla-unified/commit/1804409
mozilla-unified,1581093,1539979,https://github.com/mozilla-unified/commit/1581093
mozilla-unified,1595466,1586207,https://github.com/mozilla-unified/commit/1595466
mozilla-unified,1638297,1576490,https://github.com/mozilla-unified/commit/1638297
mozilla-unified,1635755,1632916,https://github.com/mozilla-unified/commit/1635755
mozilla-unified,1752770,1675456,https://github.com/mozilla-unified/commit/1752770
mozilla-unified,1795901,1792730,https://github.com/mozilla-unified/commit/1795901
mozilla-unified,1582645,1570081,https://github.com/mozilla-unified/commit/1582645
mozilla-unified,1770885,1768198,https://github.com/mozilla-unified/commit/1770885
mozilla-unified,1624796,1624565,https://github.com/mozilla-unified/commit/1624796
mozilla-unified,1704061,1701594,https://github.com/mozilla-unified/commit/1704061
mozilla-unified,1582780,1570485,https://github.com/mozilla-unified/commit/1582780
mozilla-unified,1636797,1635834,https://github.com/mozilla-unified/commit/1636797
mozilla-unified,1640028,1622935,https://github.com/mozilla-unified/commit/1640028
mozilla-unified,1803637,1772213,https://github.com/mozilla-unified/commit/1803637
mozilla-unified,1674968,1520104,https://github.com/mozilla-unified/commit/1674968
mozilla-unified,1608783,1608386,https://github.com/mozilla-unified/commit/1608783
mozilla-unified,1645983,1642594,https://github.com/mozilla-unified/commit/1645983
mozilla-unified,1722250,1597285,https://github.com/mozilla-unified/commit/1722250
mozilla-unified,1577372,1508169,https://github.com/mozilla-unified/commit/1577372
mozilla-unified,1681671,1675453,https://github.com/mozilla-unified/commit/1681671
mozilla-unified,1617342,981248,https://github.com/mozilla-unified/commit/1617342
mozilla-unified,1595135,1591495,https://github.com/mozilla-unified/commit/1595135
mozilla-unified,1727075,1708690,https://github.com/mozilla-unified/commit/1727075
mozilla-unified,1688221,1685355,https://github.com/mozilla-unified/commit/1688221
mozilla-unified,1792960,1786494,https://github.com/mozilla-unified/commit/1792960
mozilla-unified,1723277,1720566,https://github.com/mozilla-unified/commit/1723277
mozilla-unified,1606856,1595690,https://github.com/mozilla-unified/commit/1606856
mozilla-unified,1589595,1550549,https://github.com/mozilla-unified/commit/1589595
mozilla-unified,1681867,1681026,https://github.com/mozilla-unified/commit/1681867
mozilla-unified,1740031,1367251,https://github.com/mozilla-unified/commit/1740031
mozilla-unified,1686316,1680637,https://github.com/mozilla-unified/commit/1686316
mozilla-unified,1795661,1400420,https://github.com/mozilla-unified/commit/1795661
mozilla-unified,1699823,1698296,https://github.com/mozilla-unified/commit/1699823
mozilla-unified,1755438,1746104,https://github.com/mozilla-unified/commit/1755438
mozilla-unified,1790435,1772006,https://github.com/mozilla-unified/commit/1790435
mozilla-unified,1747185,1741665,https://github.com/mozilla-unified/commit/1747185
mozilla-unified,1698513,1693677,https://github.com/mozilla-unified/commit/1698513
mozilla-unified,1741612,1483798,https://github.com/mozilla-unified/commit/1741612
mozilla-unified,1766488,1763989,https://github.com/mozilla-unified/commit/1766488
mozilla-unified,1655474,1648064,https://github.com/mozilla-unified/commit/1655474
mozilla-unified,1673062,1672680,https://github.com/mozilla-unified/commit/1673062
mozilla-unified,1691941,1681567,https://github.com/mozilla-unified/commit/1691941
mozilla-unified,1581248,1574056,https://github.com/mozilla-unified/commit/1581248
mozilla-unified,1626259,1569215,https://github.com/mozilla-unified/commit/1626259
mozilla-unified,1644632,1641751,https://github.com/mozilla-unified/commit/1644632
mozilla-unified,1569281,1598930,https://github.com/mozilla-unified/commit/1569281
mozilla-unified,1780783,1780470,https://github.com/mozilla-unified/commit/1780783
mozilla-unified,1585588,1467970,https://github.com/mozilla-unified/commit/1585588
mozilla-unified,1803108,841942,https://github.com/mozilla-unified/commit/1803108
mozilla-unified,1724028,1720676,https://github.com/mozilla-unified/commit/1724028
mozilla-unified,1649390,1642676,https://github.com/mozilla-unified/commit/1649390
mozilla-unified,1751554,1749891,https://github.com/mozilla-unified/commit/1751554
mozilla-unified,1765822,1764251,https://github.com/mozilla-unified/commit/1765822
mozilla-unified,1738997,1736365,https://github.com/mozilla-unified/commit/1738997
mozilla-unified,1619073,1590860,https://github.com/mozilla-unified/commit/1619073
mozilla-unified,1687228,1667804,https://github.com/mozilla-unified/commit/1687228
mozilla-unified,1658010,1654064,https://github.com/mozilla-unified/commit/1658010
mozilla-unified,1584018,1351924,https://github.com/mozilla-unified/commit/1584018
mozilla-unified,1484213,1596918,https://github.com/mozilla-unified/commit/1484213
mozilla-unified,1786881,1772201,https://github.com/mozilla-unified/commit/1786881
mozilla-unified,1804973,1795851,https://github.com/mozilla-unified/commit/1804973
mozilla-unified,1625446,1581896,https://github.com/mozilla-unified/commit/1625446
mozilla-unified,1800749,1798621,https://github.com/mozilla-unified/commit/1800749
mozilla-unified,1766070,1739139,https://github.com/mozilla-unified/commit/1766070
mozilla-unified,1692969,1692513,https://github.com/mozilla-unified/commit/1692969
mozilla-unified,1717225,1708735,https://github.com/mozilla-unified/commit/1717225
mozilla-unified,1675836,1674722,https://github.com/mozilla-unified/commit/1675836
mozilla-unified,1471546,1459885,https://github.com/mozilla-unified/commit/1471546
mozilla-unified,1648773,1599567,https://github.com/mozilla-unified/commit/1648773
mozilla-unified,1563241,1562906,https://github.com/mozilla-unified/commit/1563241
mozilla-unified,1695578,1692380,https://github.com/mozilla-unified/commit/1695578
mozilla-unified,1650931,1648222,https://github.com/mozilla-unified/commit/1650931
mozilla-unified,1641973,1631228,https://github.com/mozilla-unified/commit/1641973
mozilla-unified,1727083,1613705,https://github.com/mozilla-unified/commit/1727083
mozilla-unified,1605110,1604578,https://github.com/mozilla-unified/commit/1605110
mozilla-unified,1635677,1536556,https://github.com/mozilla-unified/commit/1635677
mozilla-unified,1591108,1444064,https://github.com/mozilla-unified/commit/1591108
mozilla-unified,1665447,1581876,https://github.com/mozilla-unified/commit/1665447
mozilla-unified,1746530,1612941,https://github.com/mozilla-unified/commit/1746530
mozilla-unified,1595087,1593084,https://github.com/mozilla-unified/commit/1595087
mozilla-unified,1791968,885514,https://github.com/mozilla-unified/commit/1791968
mozilla-unified,1665437,1493108,https://github.com/mozilla-unified/commit/1665437
mozilla-unified,1787995,1781104,https://github.com/mozilla-unified/commit/1787995
mozilla-unified,1708291,1705605,https://github.com/mozilla-unified/commit/1708291
mozilla-unified,1624796,1624640,https://github.com/mozilla-unified/commit/1624796
mozilla-unified,1591140,1581925,https://github.com/mozilla-unified/commit/1591140
mozilla-unified,1635769,1574746,https://github.com/mozilla-unified/commit/1635769
mozilla-unified,1603869,1596918,https://github.com/mozilla-unified/commit/1603869
mozilla-unified,1679645,1469521,https://github.com/mozilla-unified/commit/1679645
mozilla-unified,1740281,1607756,https://github.com/mozilla-unified/commit/1740281
mozilla-unified,1706132,1693327,https://github.com/mozilla-unified/commit/1706132
mozilla-unified,1607355,1606026,https://github.com/mozilla-unified/commit/1607355
mozilla-unified,1681958,1672078,https://github.com/mozilla-unified/commit/1681958
mozilla-unified,1614925,1613119,https://github.com/mozilla-unified/commit/1614925
mozilla-unified,1746841,1743377,https://github.com/mozilla-unified/commit/1746841
mozilla-unified,1744943,1742053,https://github.com/mozilla-unified/commit/1744943
mozilla-unified,1610680,1609832,https://github.com/mozilla-unified/commit/1610680
mozilla-unified,1687380,1680637,https://github.com/mozilla-unified/commit/1687380
mozilla-unified,1536453,1502795,https://github.com/mozilla-unified/commit/1536453
mozilla-unified,1577768,1533863,https://github.com/mozilla-unified/commit/1577768
mozilla-unified,1730682,1729236,https://github.com/mozilla-unified/commit/1730682
mozilla-unified,1712424,1700443,https://github.com/mozilla-unified/commit/1712424
mozilla-unified,1564071,1192910,https://github.com/mozilla-unified/commit/1564071
mozilla-unified,1692305,1723574,https://github.com/mozilla-unified/commit/1692305
mozilla-unified,1621655,1621306,https://github.com/mozilla-unified/commit/1621655
mozilla-unified,1754306,1753689,https://github.com/mozilla-unified/commit/1754306
mozilla-unified,1789522,1679456,https://github.com/mozilla-unified/commit/1789522
mozilla-unified,1778575,1371668,https://github.com/mozilla-unified/commit/1778575
mozilla-unified,1740186,1736365,https://github.com/mozilla-unified/commit/1740186
mozilla-unified,1636192,1620966,https://github.com/mozilla-unified/commit/1636192
mozilla-unified,1699909,1698406,https://github.com/mozilla-unified/commit/1699909
mozilla-unified,1558805,1558468,https://github.com/mozilla-unified/commit/1558805
mozilla-unified,1649331,1606880,https://github.com/mozilla-unified/commit/1649331
mozilla-unified,1635271,1524461,https://github.com/mozilla-unified/commit/1635271
mozilla-unified,1601244,1579090,https://github.com/mozilla-unified/commit/1601244
mozilla-unified,1680654,1680080,https://github.com/mozilla-unified/commit/1680654
mozilla-unified,1587365,1575185,https://github.com/mozilla-unified/commit/1587365
mozilla-unified,1540941,1352113,https://github.com/mozilla-unified/commit/1540941
mozilla-unified,1697558,1696842,https://github.com/mozilla-unified/commit/1697558
mozilla-unified,1628621,1617748,https://github.com/mozilla-unified/commit/1628621
mozilla-unified,1634621,1633488,https://github.com/mozilla-unified/commit/1634621
mozilla-unified,1719215,739096,https://github.com/mozilla-unified/commit/1719215
mozilla-unified,1801842,1800456,https://github.com/mozilla-unified/commit/1801842
mozilla-unified,1559322,1543598,https://github.com/mozilla-unified/commit/1559322
mozilla-unified,1585276,1437641,https://github.com/mozilla-unified/commit/1585276
mozilla-unified,1777952,1331109,https://github.com/mozilla-unified/commit/1777952
mozilla-unified,1767973,1767508,https://github.com/mozilla-unified/commit/1767973
mozilla-unified,1714022,1712930,https://github.com/mozilla-unified/commit/1714022
mozilla-unified,1680690,1679928,https://github.com/mozilla-unified/commit/1680690
mozilla-unified,1765981,1762475,https://github.com/mozilla-unified/commit/1765981
mozilla-unified,1703300,1702217,https://github.com/mozilla-unified/commit/1703300
mozilla-unified,1613589,1556627,https://github.com/mozilla-unified/commit/1613589
mozilla-unified,1595093,1576911,https://github.com/mozilla-unified/commit/1595093
mozilla-unified,1666822,1719354,https://github.com/mozilla-unified/commit/1666822
mozilla-unified,1642044,1638981,https://github.com/mozilla-unified/commit/1642044
mozilla-unified,1676020,1566422,https://github.com/mozilla-unified/commit/1676020
mozilla-unified,1593217,1581637,https://github.com/mozilla-unified/commit/1593217
mozilla-unified,1559683,1116629,https://github.com/mozilla-unified/commit/1559683
mozilla-unified,1583114,1553804,https://github.com/mozilla-unified/commit/1583114
mozilla-unified,1629477,1582318,https://github.com/mozilla-unified/commit/1629477
mozilla-unified,1422334,1319111,https://github.com/mozilla-unified/commit/1422334
mozilla-unified,1670039,1654457,https://github.com/mozilla-unified/commit/1670039
mozilla-unified,1716444,1715264,https://github.com/mozilla-unified/commit/1716444
mozilla-unified,1615544,1556627,https://github.com/mozilla-unified/commit/1615544
mozilla-unified,1777496,1774175,https://github.com/mozilla-unified/commit/1777496
mozilla-unified,1768715,1686654,https://github.com/mozilla-unified/commit/1768715
mozilla-unified,1764466,1732795,https://github.com/mozilla-unified/commit/1764466
mozilla-unified,1643212,1556556,https://github.com/mozilla-unified/commit/1643212
mozilla-unified,1684050,1683839,https://github.com/mozilla-unified/commit/1684050
mozilla-unified,1691096,1678483,https://github.com/mozilla-unified/commit/1691096
mozilla-unified,1730222,1576515,https://github.com/mozilla-unified/commit/1730222
mozilla-unified,1791115,1789885,https://github.com/mozilla-unified/commit/1791115
mozilla-unified,1721306,1715300,https://github.com/mozilla-unified/commit/1721306
mozilla-unified,1678023,1676769,https://github.com/mozilla-unified/commit/1678023
mozilla-unified,1581244,1560421,https://github.com/mozilla-unified/commit/1581244
mozilla-unified,1742903,1742686,https://github.com/mozilla-unified/commit/1742903
mozilla-unified,1638118,1634621,https://github.com/mozilla-unified/commit/1638118
mozilla-unified,1616193,1611617,https://github.com/mozilla-unified/commit/1616193
mozilla-unified,1538762,1498812,https://github.com/mozilla-unified/commit/1538762
mozilla-unified,1715523,1715306,https://github.com/mozilla-unified/commit/1715523
mozilla-unified,1595578,1583700,https://github.com/mozilla-unified/commit/1595578
mozilla-unified,1728594,1713687,https://github.com/mozilla-unified/commit/1728594
mozilla-unified,1565301,1243633,https://github.com/mozilla-unified/commit/1565301
mozilla-unified,1587763,1586713,https://github.com/mozilla-unified/commit/1587763
mozilla-unified,1637911,1632429,https://github.com/mozilla-unified/commit/1637911
mozilla-unified,1685009,1519285,https://github.com/mozilla-unified/commit/1685009
mozilla-unified,1661173,1659630,https://github.com/mozilla-unified/commit/1661173
mozilla-unified,1625197,1560462,https://github.com/mozilla-unified/commit/1625197
mozilla-unified,1660880,1659906,https://github.com/mozilla-unified/commit/1660880
mozilla-unified,1575620,1550801,https://github.com/mozilla-unified/commit/1575620
mozilla-unified,1685463,1681043,https://github.com/mozilla-unified/commit/1685463
mozilla-unified,1606392,1553384,https://github.com/mozilla-unified/commit/1606392
mozilla-unified,1685872,1685810,https://github.com/mozilla-unified/commit/1685872
mozilla-unified,1719685,1712778,https://github.com/mozilla-unified/commit/1719685
mozilla-unified,1779975,1772050,https://github.com/mozilla-unified/commit/1779975
mozilla-unified,1656211,1653443,https://github.com/mozilla-unified/commit/1656211
mozilla-unified,1564216,1560044,https://github.com/mozilla-unified/commit/1564216
mozilla-unified,1565512,1465616,https://github.com/mozilla-unified/commit/1565512
mozilla-unified,1585688,1530251,https://github.com/mozilla-unified/commit/1585688
mozilla-unified,1715724,1686071,https://github.com/mozilla-unified/commit/1715724
mozilla-unified,1714703,1704005,https://github.com/mozilla-unified/commit/1714703
mozilla-unified,1630208,1595979,https://github.com/mozilla-unified/commit/1630208
mozilla-unified,1806451,1642138,https://github.com/mozilla-unified/commit/1806451
mozilla-unified,1604462,1577217,https://github.com/mozilla-unified/commit/1604462
mozilla-unified,1787246,1786597,https://github.com/mozilla-unified/commit/1787246
mozilla-unified,1700595,1610570,https://github.com/mozilla-unified/commit/1700595
mozilla-unified,1563622,1421380,https://github.com/mozilla-unified/commit/1563622
mozilla-unified,1757694,1756533,https://github.com/mozilla-unified/commit/1757694
mozilla-unified,1708494,1686741,https://github.com/mozilla-unified/commit/1708494
mozilla-unified,1551183,1525762,https://github.com/mozilla-unified/commit/1551183
mozilla-unified,1699199,1677566,https://github.com/mozilla-unified/commit/1699199
mozilla-unified,1725066,1724803,https://github.com/mozilla-unified/commit/1725066
mozilla-unified,1610790,1608645,https://github.com/mozilla-unified/commit/1610790
mozilla-unified,1652425,1470369,https://github.com/mozilla-unified/commit/1652425
mozilla-unified,1658113,1652550,https://github.com/mozilla-unified/commit/1658113
mozilla-unified,1768742,1768689,https://github.com/mozilla-unified/commit/1768742
mozilla-unified,1624711,1620077,https://github.com/mozilla-unified/commit/1624711
mozilla-unified,1651661,1294719,https://github.com/mozilla-unified/commit/1651661
